yyyy.mm,Index,dividend,Rfree
1871-01,4.44,0.26,0.004814302
1871-02,4.5,0.26,0.004396308
1871-03,4.61,0.26,0.004137495
1871-04,4.74,0.26,0.004507978
1871-05,4.86,0.26,0.003610395
1871-06,4.82,0.26,0.003299604
1871-07,4.73,0.26,0.003186301
1871-08,4.79,0.26,0.003624495
1871-09,4.84,0.26,0.004424239
1871-10,4.59,0.26,0.00674447
1871-11,4.64,0.26,0.00623366
1871-12,4.74,0.26,0.006683338
1872-01,4.86,0.2633,0.005561446
1872-02,4.88,0.2667,0.005050237
1872-03,5.04,0.27,0.005781542
1872-04,5.18,0.2733,0.005809013
1872-05,5.18,0.2767,0.004800402
1872-06,5.13,0.28,0.003962165
1872-07,5.1,0.2833,0.004277494
1872-08,5.04,0.2867,0.005050237
1872-09,4.95,0.29,0.006724097
1872-10,4.97,0.2933,0.007265662
1872-11,4.95,0.2967,0.007817136
1872-12,5.07,0.3,0.007285903
1873-01,5.11,0.3025,0.00623366
1873-02,5.15,0.305,0.006301949
1873-03,5.11,0.3075,0.006805557
1873-04,5.04,0.31,0.007669538
1873-05,5.05,0.3125,0.005437387
1873-06,4.98,0.315,0.004542844
1873-07,4.97,0.3175,0.004270499
1873-08,4.97,0.32,0.004703042
1873-09,4.59,0.3225,0.009581334
1873-10,4.19,0.325,0.011025626
1873-11,4.04,0.3275,0.009725586
1873-12,4.42,0.33,0.006588154
1874-01,4.66,0.33,0.004967042
1874-02,4.8,0.33,0.003962165
1874-03,4.73,0.33,0.004060396
1874-04,4.6,0.33,0.004137495
1874-05,4.48,0.33,0.003723124
1874-06,4.46,0.33,0.003652686
1874-07,4.46,0.33,0.003687912
1874-08,4.47,0.33,0.003568083
1874-09,4.54,0.33,0.004137495
1874-10,4.53,0.33,0.003828668
1874-11,4.57,0.33,0.003694956
1874-12,4.54,0.33,0.003962165
1875-01,4.54,0.3275,0.003433952
1875-02,4.53,0.325,0.00339155
1875-03,4.59,0.3225,0.00389193
1875-04,4.65,0.32,0.003568083
1875-05,4.47,0.3175,0.00294502
1875-06,4.38,0.315,0.002937913
1875-07,4.39,0.3125,0.00276716
1875-08,4.41,0.31,0.003214642
1875-09,4.37,0.3075,0.003884903
1875-10,4.3,0.305,0.004179519
1875-11,4.37,0.3025,0.004235519
1875-12,4.37,0.3,0.004389323
1876-01,4.46,0.3,0.004270499
1876-02,4.52,0.3,0.003490455
1876-03,4.51,0.3,0.003532806
1876-04,4.34,0.3,0.003610395
1876-05,4.18,0.3,0.003292528
1876-06,4.15,0.3,0.00307994
1876-07,4.1,0.3,0.002410297
1876-08,3.93,0.3,0.002259957
1876-09,3.69,0.3,0.00307994
1876-10,3.67,0.3,0.003730164
1876-11,3.6,0.3,0.003568083
1876-12,3.58,0.3,0.003877876
1877-01,3.55,0.2908,0.003645639
1877-02,3.34,0.2817,0.002902368
1877-03,3.17,0.2725,0.002859694
1877-04,2.94,0.2633,0.002816999
1877-05,2.94,0.2542,0.002546085
1877-06,2.73,0.245,0.002588919
1877-07,2.85,0.2358,0.002645998
1877-08,3.05,0.2267,0.003709041
1877-09,3.24,0.2175,0.004228521
1877-10,3.31,0.2083,0.004835147
1877-11,3.26,0.1992,0.00409545
1877-12,3.25,0.19,0.003694956
1878-01,3.25,0.1892,0.00385679
1878-02,3.18,0.1883,0.003476332
1878-03,3.24,0.1875,0.003342053
1878-04,3.33,0.1867,0.003511633
1878-05,3.34,0.1858,0.002923697
1878-06,3.41,0.185,0.002410297
1878-07,3.48,0.1842,0.002259957
1878-08,3.45,0.1833,0.002410297
1878-09,3.52,0.1825,0.00298765
1878-10,3.48,0.1817,0.003575137
1878-11,3.47,0.1808,0.003342053
1878-12,3.45,0.18,0.003299604
1879-01,3.58,0.1817,0.002781403
1879-02,3.71,0.1833,0.002410297
1879-03,3.65,0.185,0.003299604
1879-04,3.77,0.1867,0.003575137
1879-05,3.94,0.1883,0.002859694
1879-06,3.96,0.19,0.002724417
1879-07,4.04,0.1917,0.002474645
1879-08,4.07,0.1933,0.003652686
1879-09,4.22,0.195,0.00380757
1879-10,4.68,0.1967,0.003920031
1879-11,4.93,0.1983,0.004137495
1879-12,4.92,0.2,0.003927055
1880-01,5.11,0.205,0.003525749
1880-02,5.2,0.21,0.003476332
1880-03,5.3,0.215,0.003610395
1880-04,5.18,0.22,0.003610395
1880-05,4.77,0.225,0.00339155
1880-06,4.79,0.23,0.002937913
1880-07,5.01,0.235,0.002859694
1880-08,5.19,0.24,0.003278372
1880-09,5.18,0.245,0.003433952
1880-10,5.33,0.25,0.003342053
1880-11,5.61,0.255,0.003568083
1880-12,5.84,0.26,0.003962165
1881-01,6.19,0.265,0.003433952
1881-02,6.17,0.27,0.003525749
1881-03,6.24,0.275,0.003645639
1881-04,6.22,0.28,0.00339155
1881-05,6.5,0.285,0.002588919
1881-06,6.58,0.29,0.002188272
1881-07,6.35,0.295,0.002546085
1881-08,6.2,0.3,0.003221725
1881-09,6.25,0.305,0.003744243
1881-10,6.15,0.31,0.004137495
1881-11,6.19,0.315,0.004172517
1881-12,6.01,0.32,0.004137495
1882-01,5.92,0.32,0.003610395
1882-02,5.79,0.32,0.003589242
1882-03,5.78,0.32,0.003709041
1882-04,5.78,0.32,0.003299604
1882-05,5.71,0.32,0.003150863
1882-06,5.68,0.32,0.003342053
1882-07,6,0.32,0.00298765
1882-08,6.18,0.32,0.003716083
1882-09,6.24,0.32,0.004487051
1882-10,6.07,0.32,0.004431221
1882-11,5.81,0.32,0.004312456
1882-12,5.84,0.32,0.003877876
1883-01,5.81,0.3208,0.003610395
1883-02,5.68,0.3217,0.003525749
1883-03,5.75,0.3225,0.004228521
1883-04,5.87,0.3233,0.003828668
1883-05,5.77,0.3242,0.003504574
1883-06,5.82,0.325,0.003610395
1883-07,5.73,0.3258,0.003101223
1883-08,5.47,0.3267,0.003687912
1883-09,5.53,0.3275,0.003962165
1883-10,5.38,0.3283,0.003962165
1883-11,5.46,0.3292,0.003744243
1883-12,5.34,0.33,0.003610395
1884-01,5.18,0.3283,0.003179215
1884-02,5.32,0.3267,0.00307994
1884-03,5.3,0.325,0.00298765
1884-04,5.06,0.3233,0.003058651
1884-05,4.65,0.3217,0.003299604
1884-06,4.46,0.32,0.003786466
1884-07,4.46,0.3183,0.003927055
1884-08,4.74,0.3167,0.003610395
1884-09,4.59,0.315,0.003610395
1884-10,4.44,0.3133,0.003610395
1884-11,4.35,0.3117,0.00339155
1884-12,4.34,0.31,0.003257134
1885-01,4.24,0.3042,0.003037357
1885-02,4.37,0.2983,0.002902368
1885-03,4.38,0.2925,0.002881034
1885-04,4.37,0.2867,0.002524659
1885-05,4.32,0.2808,0.002317262
1885-06,4.3,0.275,0.002224122
1885-07,4.46,0.2692,0.002188272
1885-08,4.71,0.2633,0.002317262
1885-09,4.65,0.2575,0.00236737
1885-10,4.92,0.2517,0.002546085
1885-11,5.24,0.2458,0.002859694
1885-12,5.2,0.24,0.002902368
1886-01,5.2,0.2383,0.00276716
1886-02,5.3,0.2367,0.002474645
1886-03,5.19,0.235,0.002453201
1886-04,5.12,0.2333,0.002724417
1886-05,5.02,0.2317,0.002588919
1886-06,5.25,0.23,0.002438902
1886-07,5.33,0.2283,0.002503228
1886-08,5.37,0.2267,0.00339155
1886-09,5.51,0.225,0.003828668
1886-10,5.65,0.2233,0.004004278
1886-11,5.79,0.2217,0.003905982
1886-12,5.64,0.22,0.003941101
1887-01,5.58,0.2225,0.003610395
1887-02,5.54,0.225,0.003122501
1887-03,5.67,0.2275,0.003504574
1887-04,5.8,0.23,0.003525749
1887-05,5.9,0.2325,0.003405686
1887-06,5.73,0.235,0.003349126
1887-07,5.59,0.2375,0.00409545
1887-08,5.45,0.24,0.004207524
1887-09,5.38,0.2425,0.004619499
1887-10,5.2,0.245,0.004228521
1887-11,5.3,0.2475,0.003786466
1887-12,5.27,0.25,0.003962165
1888-01,5.31,0.2483,0.003680868
1888-02,5.28,0.2467,0.003150863
1888-03,5.08,0.245,0.003412754
1888-04,5.1,0.2433,0.003539863
1888-05,5.17,0.2417,0.003129592
1888-06,5.01,0.24,0.002724417
1888-07,5.14,0.2383,0.002603193
1888-08,5.25,0.2367,0.002802762
1888-09,5.38,0.235,0.003455145
1888-10,5.35,0.2333,0.003306681
1888-11,5.24,0.2317,0.00307994
1888-12,5.14,0.23,0.00323589
1889-01,5.24,0.2292,0.003008956
1889-02,5.3,0.2283,0.002724417
1889-03,5.19,0.2275,0.002902368
1889-04,5.18,0.2267,0.002752915
1889-05,5.32,0.2258,0.002438902
1889-06,5.41,0.225,0.00246035
1889-07,5.3,0.2242,0.002831233
1889-08,5.37,0.2233,0.003370341
1889-09,5.5,0.2225,0.003455145
1889-10,5.4,0.2217,0.003962165
1889-11,5.35,0.2208,0.003962165
1889-12,5.32,0.22,0.004025327
1890-01,5.38,0.22,0.003504574
1890-02,5.32,0.22,0.003278372
1890-03,5.28,0.22,0.003610395
1890-04,5.39,0.22,0.00333498
1890-05,5.62,0.22,0.003299604
1890-06,5.58,0.22,0.003257134
1890-07,5.54,0.22,0.003292528
1890-08,5.41,0.22,0.003673824
1890-09,5.32,0.22,0.003786466
1890-10,5.08,0.22,0.00389193
1890-11,4.71,0.22,0.004487051
1890-12,4.6,0.22,0.004890707
1891-01,4.84,0.22,0.00384273
1891-02,4.9,0.22,0.003257134
1891-03,4.81,0.22,0.003433952
1891-04,4.97,0.22,0.003313756
1891-05,4.95,0.22,0.003525749
1891-06,4.85,0.22,0.003610395
1891-07,4.77,0.22,0.003680868
1891-08,4.93,0.22,0.003786466
1891-09,5.33,0.22,0.00380757
1891-10,5.33,0.22,0.003666779
1891-11,5.25,0.22,0.003299604
1891-12,5.41,0.22,0.003136683
1892-01,5.51,0.2217,0.002660261
1892-02,5.52,0.2233,0.002324422
1892-03,5.58,0.225,0.002531802
1892-04,5.57,0.2267,0.002166754
1892-05,5.57,0.2283,0.001944078
1892-06,5.54,0.23,0.001792894
1892-07,5.54,0.2317,0.002166754
1892-08,5.62,0.2333,0.002517516
1892-09,5.48,0.235,0.003051554
1892-10,5.59,0.2367,0.003370341
1892-11,5.57,0.2383,0.003356198
1892-12,5.51,0.24,0.003610395
1893-01,5.61,0.2408,0.003327906
1893-02,5.51,0.2417,0.00323589
1893-03,5.31,0.2425,0.004521926
1893-04,5.31,0.2433,0.003786466
1893-05,4.84,0.2442,0.004445182
1893-06,4.61,0.245,0.005678444
1893-07,4.18,0.2458,0.007319626
1893-08,4.08,0.2467,0.007130601
1893-09,4.37,0.2475,0.005547671
1893-10,4.5,0.2483,0.003898956
1893-11,4.57,0.2492,0.002816999
1893-12,4.41,0.25,0.002302939
1894-01,4.32,0.2467,0.002173927
1894-02,4.38,0.2433,0.002044715
1894-03,4.51,0.24,0.00185052
1894-04,4.57,0.2367,0.001900911
1894-05,4.4,0.2333,0.001778481
1894-06,4.34,0.23,0.001764066
1894-07,4.25,0.2267,0.001828915
1894-08,4.41,0.2233,0.001879318
1894-09,4.48,0.22,0.002030346
1894-10,4.34,0.2167,0.001655872
1894-11,4.34,0.2133,0.001677522
1894-12,4.3,0.21,0.001742438
1895-01,4.25,0.2083,0.001900911
1895-02,4.19,0.2067,0.002274287
1895-03,4.19,0.205,0.002481792
1895-04,4.37,0.2033,0.002524659
1895-05,4.61,0.2017,0.001663089
1895-06,4.7,0.2,0.001554764
1895-07,4.72,0.1983,0.001785688
1895-08,4.79,0.1967,0.002166754
1895-09,4.82,0.195,0.002567505
1895-10,4.75,0.1933,0.003101223
1895-11,4.59,0.1917,0.002638865
1895-12,4.32,0.19,0.00307994
1896-01,4.27,0.1892,0.003962165
1896-02,4.45,0.1883,0.003828668
1896-03,4.38,0.1875,0.003412754
1896-04,4.42,0.1867,0.003448081
1896-05,4.4,0.1858,0.002923697
1896-06,4.32,0.185,0.002724417
1896-07,4.04,0.1842,0.003292528
1896-08,3.81,0.1833,0.005223294
1896-09,4.01,0.1825,0.005561446
1896-10,4.1,0.1817,0.005602759
1896-11,4.38,0.1808,0.003497515
1896-12,4.22,0.18,0.002353057
1897-01,4.22,0.18,0.002051899
1897-02,4.18,0.18,0.001828915
1897-03,4.19,0.18,0.002066264
1897-04,4.06,0.18,0.002209784
1897-05,4.08,0.18,0.002209784
1897-06,4.27,0.18,0.001915302
1897-07,4.46,0.18,0.002116524
1897-08,4.75,0.18,0.002345899
1897-09,4.98,0.18,0.002617464
1897-10,4.82,0.18,0.002681652
1897-11,4.65,0.18,0.002102167
1897-12,4.75,0.18,0.002130879
1898-01,4.88,0.1817,0.002008787
1898-02,4.87,0.1833,0.001915302
1898-03,4.65,0.185,0.003008956
1898-04,4.57,0.1867,0.003786466
1898-05,4.87,0.1883,0.003008956
1898-06,5.06,0.19,0.0020016
1898-07,5.08,0.1917,0.002302939
1898-08,5.27,0.1933,0.002288614
1898-09,5.26,0.195,0.002624598
1898-10,5.15,0.1967,0.002123702
1898-11,5.32,0.1983,0.002044715
1898-12,5.65,0.2,0.00185052
1899-01,6.08,0.2008,0.001756857
1899-02,6.31,0.2017,0.001864921
1899-03,6.4,0.2025,0.002446052
1899-04,6.48,0.2033,0.002324422
1899-05,6.21,0.2042,0.002259957
1899-06,6.07,0.205,0.002051899
1899-07,6.28,0.2058,0.002302939
1899-08,6.44,0.2067,0.002795643
1899-09,6.37,0.2075,0.003214642
1899-10,6.34,0.2083,0.00339155
1899-11,6.46,0.2092,0.003553974
1899-12,6.02,0.21,0.003877876
1900-01,6.1,0.2175,0.003207557
1900-02,6.21,0.225,0.002831233
1900-03,6.26,0.2325,0.003172128
1900-04,6.34,0.24,0.002724417
1900-05,6.04,0.2475,0.002331581
1900-06,5.86,0.255,0.002317262
1900-07,5.86,0.2625,0.002567505
1900-08,5.94,0.27,0.002681652
1900-09,5.8,0.2775,0.002788523
1900-10,6.01,0.285,0.003292528
1900-11,6.48,0.2925,0.002831233
1900-12,6.87,0.3,0.00307994
1901-01,7.07,0.3017,0.002567505
1901-02,7.25,0.3033,0.002324422
1901-03,7.51,0.305,0.00236737
1901-04,8.14,0.3067,0.002524659
1901-05,7.73,0.3083,0.002524659
1901-06,8.5,0.31,0.002503228
1901-07,7.93,0.3117,0.002760038
1901-08,8.04,0.3133,0.002902368
1901-09,8,0.315,0.003214642
1901-10,7.91,0.3167,0.003008956
1901-11,8.08,0.3183,0.003058651
1901-12,7.95,0.32,0.003214642
1902-01,8.12,0.3208,0.002902368
1902-02,8.19,0.3217,0.002546085
1902-03,8.2,0.3225,0.002788523
1902-04,8.48,0.3233,0.002888146
1902-05,8.46,0.3242,0.002923697
1902-06,8.41,0.325,0.002859694
1902-07,8.6,0.3258,0.00298765
1902-08,8.83,0.3267,0.003143773
1902-09,8.85,0.3275,0.003687912
1902-10,8.57,0.3283,0.003920031
1902-11,8.24,0.3292,0.003786466
1902-12,8.05,0.33,0.003962165
1903-01,8.46,0.3317,0.003342053
1903-02,8.41,0.3333,0.003143773
1903-03,8.08,0.335,0.003687912
1903-04,7.75,0.3367,0.003412754
1903-05,7.6,0.3383,0.00307994
1903-06,7.18,0.34,0.003313756
1903-07,6.85,0.3417,0.003568083
1903-08,6.63,0.3433,0.003920031
1903-09,6.47,0.345,0.003962165
1903-10,6.26,0.3467,0.003849761
1903-11,6.28,0.3483,0.003941101
1903-12,6.57,0.35,0.00385679
1904-01,6.68,0.3467,0.003172128
1904-02,6.5,0.3433,0.003101223
1904-03,6.48,0.34,0.003030258
1904-04,6.64,0.3367,0.002588919
1904-05,6.5,0.3333,0.002488938
1904-06,6.51,0.33,0.002267123
1904-07,6.78,0.3267,0.002209784
1904-08,7.01,0.3233,0.00246035
1904-09,7.32,0.32,0.00276716
1904-10,7.75,0.3167,0.002831233
1904-11,8.17,0.3133,0.002638865
1904-12,8.25,0.31,0.002745791
1905-01,8.43,0.3117,0.002524659
1905-02,8.8,0.3133,0.002424601
1905-03,9.05,0.315,0.002496083
1905-04,8.94,0.3167,0.002524659
1905-05,8.5,0.3183,0.002531802
1905-06,8.6,0.32,0.00236737
1905-07,8.87,0.3217,0.002631732
1905-08,9.2,0.3233,0.002688781
1905-09,9.23,0.325,0.003058651
1905-10,9.36,0.3267,0.003221725
1905-11,9.31,0.3283,0.003666779
1905-12,9.54,0.33,0.003828668
1906-01,9.87,0.3358,0.003292528
1906-02,9.8,0.3417,0.003278372
1906-03,9.56,0.3475,0.003455145
1906-04,9.43,0.3533,0.003568083
1906-05,9.18,0.3592,0.003483394
1906-06,9.3,0.365,0.003433952
1906-07,9.06,0.3708,0.00358219
1906-08,9.73,0.3767,0.003934078
1906-09,10.03,0.3825,0.004354393
1906-10,9.73,0.3883,0.004172517
1906-11,9.93,0.3942,0.004137495
1906-12,9.84,0.4,0.004137495
1907-01,9.56,0.4033,0.004067408
1907-02,9.26,0.4067,0.003920031
1907-03,8.35,0.41,0.00408844
1907-04,8.39,0.4133,0.003920031
1907-05,8.1,0.4167,0.003589242
1907-06,7.84,0.42,0.003568083
1907-07,8.14,0.4233,0.003786466
1907-08,7.53,0.4267,0.004137495
1907-09,7.45,0.43,0.004528899
1907-10,6.64,0.4333,0.004730871
1907-11,6.25,0.4367,0.004835147
1907-12,6.57,0.44,0.005237123
1908-01,6.85,0.4367,0.00429148
1908-02,6.6,0.4333,0.003299604
1908-03,6.87,0.43,0.003737204
1908-04,7.24,0.4267,0.002873921
1908-05,7.63,0.4233,0.002503228
1908-06,7.64,0.42,0.002288614
1908-07,7.92,0.4167,0.00236737
1908-08,8.26,0.4133,0.002259957
1908-09,8.17,0.41,0.002496083
1908-10,8.27,0.4067,0.002588919
1908-11,8.83,0.4033,0.002567505
1908-12,9.03,0.4,0.002438902
1909-01,9.06,0.4033,0.002345899
1909-02,8.8,0.4067,0.002209784
1909-03,8.92,0.41,0.002188272
1909-04,9.32,0.4133,0.002188272
1909-05,9.63,0.4167,0.002145231
1909-06,9.8,0.42,0.002008787
1909-07,9.94,0.4233,0.002102167
1909-08,10.18,0.4267,0.002574644
1909-09,10.19,0.43,0.002674522
1909-10,10.23,0.4333,0.003278372
1909-11,10.18,0.4367,0.003292528
1909-12,10.3,0.44,0.00333498
1910-01,10.08,0.4425,0.00307994
1910-02,9.72,0.445,0.002859694
1910-03,9.96,0.4475,0.002902368
1910-04,9.72,0.45,0.00307994
1910-05,9.56,0.4525,0.00307994
1910-06,9.1,0.455,0.003200473
1910-07,8.64,0.4575,0.003525749
1910-08,8.85,0.46,0.003561029
1910-09,8.91,0.4625,0.003631544
1910-10,9.32,0.465,0.003652686
1910-11,9.31,0.4675,0.003610395
1910-12,9.05,0.47,0.003016057
1911-01,9.27,0.47,0.002538944
1911-02,9.43,0.47,0.002588919
1911-03,9.32,0.47,0.002474645
1911-04,9.28,0.47,0.002295777
1911-05,9.48,0.47,0.002274287
1911-06,9.67,0.47,0.002317262
1911-07,9.63,0.47,0.002388836
1911-08,9.17,0.47,0.002681652
1911-09,8.67,0.47,0.002923697
1911-10,8.72,0.47,0.002802762
1911-11,9.07,0.47,0.002503228
1911-12,9.11,0.47,0.00298765
1912-01,9.12,0.4708,0.002474645
1912-02,9.04,0.4717,0.00236737
1912-03,9.3,0.4725,0.002681652
1912-04,9.59,0.4733,0.002645998
1912-05,9.58,0.4742,0.002681652
1912-06,9.58,0.475,0.002546085
1912-07,9.59,0.4758,0.002916588
1912-08,9.81,0.4767,0.003257134
1912-09,9.86,0.4775,0.003652686
1912-10,9.84,0.4783,0.003913007
1912-11,9.73,0.4792,0.003765357
1912-12,9.38,0.48,0.003962165
1913-01,9.3,0.48,0.003122501
1913-02,8.97,0.48,0.003186301
1913-03,8.8,0.48,0.003793501
1913-04,8.79,0.48,0.003624495
1913-05,8.55,0.48,0.003504574
1913-06,8.12,0.48,0.003877876
1913-07,8.23,0.48,0.003990243
1913-08,8.45,0.48,0.003962165
1913-09,8.53,0.48,0.003828668
1913-10,8.26,0.48,0.003723124
1913-11,8.05,0.48,0.003652686
1913-12,8.04,0.48,0.003744243
1914-01,8.37,0.475,0.002923697
1914-02,8.48,0.47,0.002438902
1914-03,8.32,0.465,0.002431752
1914-04,8.12,0.46,0.002360214
1914-05,8.17,0.455,0.00246035
1914-06,8.13,0.45,0.002446052
1914-07,7.68,0.445,0.002859694
1914-08,7.68,0.44,0.004200523
1914-09,7.68,0.435,0.004452161
1914-10,7.68,0.43,0.004270499
1914-11,7.68,0.425,0.003610395
1914-12,7.35,0.42,0.002795643
1915-01,7.48,0.4208,0.002438902
1915-02,7.38,0.4217,0.00236737
1915-03,7.57,0.4225,0.002102167
1915-04,8.14,0.4233,0.002302939
1915-05,7.95,0.4242,0.002345899
1915-06,8.04,0.425,0.002295777
1915-07,8.01,0.4258,0.002008787
1915-08,8.35,0.4267,0.002209784
1915-09,8.66,0.4275,0.002030346
1915-10,9.14,0.4283,0.001987223
1915-11,9.46,0.4292,0.001821712
1915-12,9.48,0.43,0.001893714
1916-01,9.33,0.4408,0.001915302
1916-02,9.2,0.4517,0.001915302
1916-03,9.17,0.4625,0.001915302
1916-04,9.07,0.4733,0.001915302
1916-05,9.27,0.4842,0.001915302
1916-06,9.36,0.495,0.002274287
1916-07,9.23,0.5058,0.002524659
1916-08,9.3,0.5167,0.002345899
1916-09,9.68,0.5275,0.002102167
1916-10,9.98,0.5383,0.002102167
1916-11,10.21,0.5492,0.0021811
1916-12,9.8,0.56,0.002481792
1917-01,9.57,0.5708,0.002224122
1917-02,9.03,0.5817,0.002610328
1917-03,9.31,0.5925,0.002631732
1917-04,9.17,0.6033,0.002745791
1917-05,8.86,0.6142,0.003136683
1917-06,9.04,0.625,0.003257134
1917-07,8.79,0.6358,0.003030258
1917-08,8.53,0.6467,0.003108316
1917-09,8.12,0.6575,0.003384481
1917-10,7.68,0.6683,0.003525749
1917-11,7.04,0.6792,0.003568083
1917-12,6.8,0.69,0.003610395
1918-01,7.21,0.68,0.003659733
1918-02,7.43,0.67,0.003737204
1918-03,7.28,0.66,0.003877876
1918-04,7.21,0.65,0.003898956
1918-05,7.44,0.64,0.003877876
1918-06,7.45,0.63,0.003877876
1918-07,7.51,0.62,0.003877876
1918-08,7.58,0.61,0.003920031
1918-09,7.54,0.6,0.003962165
1918-10,7.86,0.59,0.003962165
1918-11,8.06,0.58,0.003941101
1918-12,7.9,0.57,0.003828668
1919-01,7.85,0.5667,0.003433952
1919-02,7.88,0.5633,0.003384481
1919-03,8.12,0.56,0.003525749
1919-04,8.39,0.5567,0.003525749
1919-05,8.97,0.5533,0.003525749
1919-06,9.21,0.55,0.003631544
1919-07,9.51,0.5467,0.003561029
1919-08,8.87,0.5433,0.003525749
1919-09,9.01,0.54,0.003525749
1919-10,9.47,0.5367,0.003525749
1919-11,9.19,0.5333,0.003610395
1919-12,8.92,0.53,0.003877876
1920-01,8.83,0.5283,0.003659889
1920-02,8.1,0.5267,0.003666611
1920-03,8.67,0.525,0.00386605
1920-04,8.6,0.5233,0.004263626
1920-05,8.06,0.5217,0.004461766
1920-06,7.92,0.52,0.004659477
1920-07,7.91,0.5183,0.004706864
1920-08,7.6,0.5167,0.004722654
1920-09,7.87,0.515,0.004706864
1920-10,7.88,0.5133,0.004659477
1920-11,7.48,0.5117,0.004659477
1920-12,6.81,0.51,0.004762118
1921-01,7.11,0.5058,0.004596256
1921-02,7.06,0.5017,0.004303288
1921-03,6.88,0.4975,0.004366712
1921-04,6.91,0.4933,0.004223946
1921-05,7.12,0.4892,0.00419219
1921-06,6.55,0.485,0.004057102
1921-07,6.53,0.4808,0.003746439
1921-08,6.45,0.4767,0.00386605
1921-09,6.61,0.4725,0.00386605
1921-10,6.7,0.4683,0.003434714
1921-11,7.06,0.4642,0.003290481
1921-12,7.31,0.46,0.003186171
1922-01,7.3,0.4642,0.003186171
1922-02,7.46,0.4683,0.003113886
1922-03,7.74,0.4725,0.002904741
1922-04,8.21,0.4767,0.002630518
1922-05,8.53,0.4808,0.002662822
1922-06,8.45,0.485,0.002662822
1922-07,8.51,0.4892,0.00262244
1922-08,8.83,0.4933,0.002565875
1922-09,9.06,0.4975,0.002735465
1922-10,9.26,0.5017,0.003033503
1922-11,8.8,0.5058,0.002993284
1922-12,8.78,0.51,0.002985238
1923-01,8.9,0.5117,0.002993284
1923-02,9.28,0.5133,0.002985238
1923-03,9.43,0.515,0.003362626
1923-04,9.1,0.5167,0.003370639
1923-05,8.67,0.5183,0.003226305
1923-06,8.34,0.52,0.003137988
1923-07,8.06,0.5217,0.003194199
1923-08,8.1,0.5233,0.003154052
1923-09,8.15,0.525,0.003274441
1923-10,8.03,0.5267,0.003442721
1923-11,8.27,0.5283,0.003218279
1923-12,8.55,0.53,0.003170113
1924-01,8.83,0.5317,0.003073703
1924-02,8.87,0.5333,0.002896688
1924-03,8.7,0.535,0.002920846
1924-04,8.5,0.5367,0.002767733
1924-05,8.47,0.5383,0.001884338
1924-06,8.63,0.54,0.002006415
1924-07,9.03,0.5417,0.001582511
1924-08,9.34,0.5433,0.001566168
1924-09,9.25,0.545,0.001762096
1924-10,9.13,0.5467,0.001982013
1924-11,9.64,0.5483,0.002120207
1924-12,10.16,0.55,0.002112083
1925-01,10.58,0.5542,0.002144572
1925-02,10.67,0.5583,0.002152693
1925-03,10.39,0.5625,0.00228252
1925-04,10.28,0.5667,0.00228252
1925-05,10.61,0.5708,0.002241969
1925-06,10.8,0.575,0.002347365
1925-07,11.1,0.5792,0.002509274
1925-08,11.25,0.5833,0.002468824
1925-09,11.51,0.5875,0.002598202
1925-10,11.89,0.5917,0.002888633
1925-11,12.26,0.5958,0.002985238
1925-12,12.46,0.6,0.002872522
1926-01,12.65,0.6075,0.002856409
1926-02,12.67,0.615,0.002702729
1926-03,11.81,0.6225,0.002685498
1926-04,11.48,0.63,0.002608432
1926-05,11.56,0.6375,0.002735168
1926-06,12.11,0.645,0.002565609
1926-07,12.62,0.6525,0.002695055
1926-08,13.12,0.66,0.002938607
1926-09,13.32,0.6675,0.003139794
1926-10,13.02,0.675,0.003049049
1926-11,13.19,0.6825,0.002721046
1926-12,13.49,0.69,0.002574747
1927-01,13.4,0.6967,0.002847838
1927-02,13.66,0.7033,0.002844095
1927-03,13.87,0.71,0.002839967
1927-04,14.21,0.7167,0.002922593
1927-05,14.7,0.7233,0.002776736
1927-06,14.89,0.73,0.002872763
1927-07,15.22,0.7367,0.002425963
1927-08,16.03,0.7433,0.002321715
1927-09,16.94,0.75,0.00240954
1927-10,16.68,0.7567,0.00251803
1927-11,17.06,0.7633,0.002707299
1927-12,17.46,0.77,0.002932494
1928-01,17.53,0.7767,0.002867117
1928-02,17.32,0.7833,0.00286884
1928-03,18.25,0.79,0.002883687
1928-04,19.4,0.7967,0.002873536
1928-05,20,0.8033,0.003226748
1928-06,19.02,0.81,0.003273269
1928-07,19.16,0.8167,0.003705658
1928-08,19.78,0.8233,0.00375189
1928-09,21.17,0.83,0.004045728
1928-10,21.6,0.8367,0.003915714
1928-11,23.06,0.8433,0.003589392
1928-12,23.15,0.85,0.003750936
1929-01,24.86,0.86,0.003970327
1929-02,24.99,0.87,0.003881772
1929-03,25.43,0.88,0.003964231
1929-04,25.28,0.89,0.004126804
1929-05,25.66,0.9,0.004242164
1929-06,26.15,0.91,0.003854056
1929-07,28.48,0.92,0.004017719
1929-08,30.1,0.93,0.003838259
1929-09,31.3,0.94,0.004002381
1929-10,27.99,0.95,0.003338386
1929-11,20.58,0.96,0.00271241
1929-12,21.4,0.97,0.002624368
1930-01,21.71,0.9708,0.003193037
1930-02,23.07,0.9717,0.002661573
1930-03,23.94,0.9725,0.00238596
1930-04,25.46,0.9733,0.002522688
1930-05,23.94,0.9742,0.001843693
1930-06,21.52,0.975,0.001560507
1930-07,21.06,0.9758,0.001489927
1930-08,20.79,0.9767,0.00152325
1930-09,20.78,0.9775,0.001296829
1930-10,17.92,0.9783,0.001606174
1930-11,16.62,0.9792,0.002051005
1930-12,15.51,0.98,0.001387574
1931-01,15.98,0.9667,0.001096722
1931-02,17.2,0.9533,0.00126066
1931-03,17.53,0.94,0.001195602
1931-04,15.86,0.9267,0.001177253
1931-05,14.33,0.9133,0.000757999
1931-06,13.87,0.9,0.000616369
1931-07,14.33,0.8867,0.000463831
1931-08,13.9,0.8733,0.000505937
1931-09,11.83,0.86,0.001152177
1931-10,10.25,0.8467,0.002094797
1931-11,10.39,0.8333,0.002136366
1931-12,8.44,0.82,0.002509351
1932-01,8.3,0.7933,0.002177513
1932-02,8.23,0.7667,0.002193932
1932-03,8.26,0.74,0.001595101
1932-04,6.28,0.7133,0.000547976
1932-05,5.51,0.6867,0.000337498
1932-06,4.77,0.66,0.000379639
1932-07,5.01,0.6333,0.000421735
1932-08,7.53,0.6067,0.000379644
1932-09,8.26,0.58,0.000253235
1932-10,7.12,0.5533,0.000211048
1932-11,7.05,0.5267,0.000168855
1932-12,6.82,0.5,0.000168866
1933-01,7.09,0.495,0.000168878
1933-02,6.25,0.49,0.00084201
1933-03,6.23,0.485,0.001260937
1933-04,6.89,0.48,0.000526918
1933-05,8.87,0.475,0.000337486
1933-06,10.39,0.47,0.000295383
1933-07,11.23,0.465,0.000337481
1933-08,10.67,0.46,0.000211048
1933-09,10.58,0.455,0.000126672
1933-10,9.55,0.45,0.000253194
1933-11,9.78,0.445,0.000421742
1933-12,9.97,0.44,0.000632063
1934-01,10.54,0.4408,0.000589988
1934-02,11.32,0.4417,0.00033751
1934-03,10.74,0.4425,0.000126672
1934-04,10.92,0.4433,0.000126652
1934-05,9.81,0.4442,0.000126692
1934-06,9.94,0.445,0.000126672
1934-07,9.47,0.4458,0.000126661
1934-08,9.1,0.4467,0.000168891
1934-09,8.88,0.4475,0.000211046
1934-10,8.95,0.4483,0.000211074
1934-11,9.2,0.4492,0.000211021
1934-12,9.26,0.45,0.000168855
1935-01,9.26,0.45,0.000168877
1935-02,8.98,0.45,0.000126692
1935-03,8.41,0.45,0.000126672
1935-04,9.04,0.446667,0.000126661
1935-05,9.75,0.443333,0.000126657
1935-06,10.12,0.44,0.000126672
1935-07,10.65,0.44,0.000126676
1935-08,11.37,0.44,0.000126677
1935-09,11.61,0.44,0.000168873
1935-10,11.92,0.45,0.000168855
1935-11,13.04,0.46,0.000126672
1935-12,13.04,0.47,0.000126668
1936-01,13.76,0.48,0.0001689
1936-02,14.55,0.49,0.000168885
1936-03,14.86,0.5,0.000168887
1936-04,14.88,0.516667,0.000168877
1936-05,14.09,0.533333,0.000168844
1936-06,14.69,0.55,0.000126661
1936-07,15.56,0.57,0.000126657
1936-08,15.87,0.59,0.000135121
1936-09,16.05,0.61,0.000151997
1936-10,16.89,0.646667,8.44637E-05
1936-11,17.36,0.683333,9.28983E-05
1936-12,17.06,0.72,0.000168877
1937-01,17.59,0.73,0.00018572
1937-02,18.11,0.74,0.000211046
1937-03,18.09,0.75,0.000505937
1937-04,17.01,0.78,0.000505903
1937-05,16.25,0.81,0.000379633
1937-06,15.64,0.84,0.000295361
1937-07,16.57,0.816667,0.000270057
1937-08,16.74,0.793333,0.00037965
1937-09,14.37,0.77,0.000211048
1937-10,12.28,0.78,0.000211073
1937-11,11.2,0.79,0.000135129
1937-12,11.02,0.8,0.000101335
1938-01,11.31,0.793333,7.60318E-05
1938-02,11.04,0.786667,6.75527E-05
1938-03,10.31,0.78,9.28916E-05
1938-04,9.89,0.766667,3.38028E-05
1938-05,9.98,0.753333,3.3784E-05
1938-06,10.21,0.74,5.06666E-05
1938-07,12.24,0.713333,5.91598E-05
1938-08,12.31,0.686667,5.06596E-05
1938-09,11.75,0.66,5.06596E-05
1938-10,13.06,0.61,3.37163E-05
1938-11,13.07,0.56,3.38105E-05
1938-12,12.69,0.51,4.22255E-05
1939-01,12.5,0.513333,2.53176E-05
1939-02,12.4,0.516667,2.53808E-05
1939-03,12.39,0.52,2.53327E-05
1939-04,10.83,0.523333,2.53697E-05
1939-05,11.23,0.526667,2.5357E-05
1939-06,11.43,0.53,2.53327E-05
1939-07,11.71,0.54,4.22448E-05
1939-08,11.54,0.55,5.91202E-05
1939-09,12.77,0.56,4.22255E-05
1939-10,12.9,0.58,4.22497E-05
1939-11,12.67,0.6,4.22123E-05
1939-12,12.37,0.62,3.37979E-05
1940-01,12.3,0.623333,0
1940-02,12.22,0.626667,1.69143E-05
1940-03,12.15,0.63,1.68597E-05
1940-04,12.27,0.636667,1.6936E-05
1940-05,10.58,0.643333,8.44216E-05
1940-06,9.67,0.65,6.75855E-05
1940-07,9.99,0.656667,3.38068E-05
1940-08,10.2,0.663333,3.37979E-05
1940-09,10.63,0.67,3.37668E-05
1940-10,10.73,0.67,3.38116E-05
1940-11,10.98,0.67,1.68597E-05
1940-12,10.53,0.67,1.6936E-05
1941-01,10.55,0.673333,1.69306E-05
1941-02,9.89,0.676667,6.75444E-05
1941-03,9.95,0.68,3.37572E-05
1941-04,9.64,0.683333,8.44363E-05
1941-05,9.43,0.686667,8.444E-05
1941-06,9.76,0.69,8.44314E-05
1941-07,10.26,0.693333,9.28694E-05
1941-08,10.21,0.696667,0.000101363
1941-09,10.24,0.7,0.000101359
1941-10,9.83,0.703333,0.000126657
1941-11,9.37,0.706667,0.000253215
1941-12,8.76,0.71,0.000295344
1942-01,8.93,0.703333,0.000211046
1942-02,8.65,0.696667,0.000211046
1942-03,8.18,0.69,0.000211016
1942-04,7.84,0.68,0.000295347
1942-05,7.93,0.67,0.000312235
1942-06,8.33,0.66,0.000312238
1942-07,8.64,0.646667,0.000316448
1942-08,8.59,0.633333,0.000316433
1942-09,8.68,0.62,0.000316427
1942-10,9.32,0.61,0.000316411
1942-11,9.47,0.6,0.000312235
1942-12,9.52,0.59,0.00031222
1943-01,10.09,0.59,0.000316411
1943-02,10.69,0.59,0.000316411
1943-03,11.07,0.59,0.000312203
1943-04,11.44,0.59,0.000312235
1943-05,11.89,0.59,0.000312235
1943-06,12.1,0.59,0.000312238
1943-07,12.35,0.593333,0.000312235
1943-08,11.74,0.596667,0.00031222
1943-09,11.99,0.6,0.000312203
1943-10,11.88,0.603333,0.000312235
1943-11,11.33,0.606667,0.000312221
1943-12,11.48,0.61,0.00031222
1944-01,11.85,0.613333,0.00031222
1944-02,11.77,0.616667,0.000312221
1944-03,12.1,0.62,0.00031222
1944-04,11.89,0.623333,0.000312235
1944-05,12.1,0.626667,0.000312217
1944-06,12.67,0.63,0.000312197
1944-07,13,0.633333,0.000312175
1944-08,12.81,0.636667,0.000312203
1944-09,12.6,0.64,0.000316448
1944-10,12.91,0.64,0.000316452
1944-11,12.82,0.64,0.000316427
1944-12,13.1,0.64,0.000316448
1945-01,13.49,0.643333,0.000316463
1945-02,13.94,0.646667,0.000316463
1945-03,13.93,0.65,0.000316448
1945-04,14.28,0.65,0.000316422
1945-05,14.82,0.65,0.000316427
1945-06,15.09,0.65,0.000316448
1945-07,14.78,0.653333,0.000316452
1945-08,14.83,0.656667,0.000316438
1945-09,15.84,0.66,0.000316448
1945-10,16.5,0.66,0.000316463
1945-11,17.04,0.66,0.000316438
1945-12,17.33,0.66,0.000316442
1946-01,18.02,0.666667,0.000316427
1946-02,18.07,0.673333,0.000316463
1946-03,17.53,0.68,0.000316448
1946-04,18.66,0.68,0.000316452
1946-05,18.7,0.68,0.000316438
1946-06,18.58,0.68,0.000316438
1946-07,18.05,0.683333,0.000316463
1946-08,17.7,0.686667,0.000316427
1946-09,15.09,0.69,0.000316422
1946-10,14.75,0.696667,0.000316427
1946-11,14.69,0.703333,0.000316448
1946-12,15.13,0.71,0.000316452
1947-01,15.21,0.713333,0.000316438
1947-02,15.8,0.716667,0.000316438
1947-03,15.16,0.72,0.000316422
1947-04,14.6,0.733333,0.000316463
1947-05,14.34,0.746667,0.000316427
1947-06,14.84,0.76,0.000316422
1947-07,15.77,0.77,0.000632102
1947-08,15.46,0.78,0.000640476
1947-09,15.06,0.79,0.000699334
1947-10,15.45,0.806667,0.000741311
1947-11,15.27,0.823333,0.000800097
1947-12,15.03,0.84,0.000808495
1948-01,14.83,0.843333,0.000833655
1948-02,14.1,0.846667,0.000842055
1948-03,14.3,0.85,0.000842073
1948-04,15.4,0.85,0.000842055
1948-05,16.15,0.85,0.000842055
1948-06,16.82,0.85,0.000842073
1948-07,16.42,0.856667,0.000842055
1948-08,15.94,0.863333,0.000909238
1948-09,15.76,0.87,0.000942738
1948-10,16.19,0.89,0.000951109
1948-11,15.29,0.91,0.000976306
1948-12,15.19,0.93,0.000976234
1949-01,15.36,0.946667,0.000984575
1949-02,14.77,0.963333,0.000984575
1949-03,14.91,0.98,0.000984643
1949-04,14.89,0.993333,0.000984627
1949-05,14.78,1.00667,0.000984559
1949-06,13.97,1.02,0.000942738
1949-07,14.76,1.02667,0.000867252
1949-08,15.29,1.03333,0.000892424
1949-09,15.49,1.04,0.000909187
1949-10,15.89,1.07333,0.000900773
1949-11,16.11,1.10667,0.000942755
1949-12,16.54,1.14,0.000917585
1950-01,16.88,1.15,0.000951148
1950-02,17.21,1.16,0.000959519
1950-03,17.35,1.17,0.000967894
1950-04,17.84,1.18,0.000993016
1950-05,18.44,1.19,0.000993066
1950-06,18.74,1.2,0.000993016
1950-07,17.38,1.24333,0.000992993
1950-08,18.43,1.28667,0.001101986
1950-09,19.08,1.33,0.001118704
1950-10,19.87,1.37667,0.001135516
1950-11,19.83,1.42333,0.001168954
1950-12,19.75,1.47,0.001168936
1951-01,21.21,1.48667,0.001168976
1951-02,22,1.50333,0.001168976
1951-03,21.63,1.52,0.001286075
1951-04,21.92,1.53333,0.001269236
1951-05,21.93,1.54667,0.001302785
1951-06,21.55,1.56,0.001344555
1951-07,21.93,1.54667,0.001361392
1951-08,22.89,1.53333,0.001386381
1951-09,23.48,1.52,0.001394693
1951-10,23.36,1.48333,0.001344638
1951-11,22.71,1.44667,0.001361287
1951-12,23.41,1.41,0.001528475
1952-01,24.19,1.41333,0.00134462
1952-02,23.75,1.41667,0.001361287
1952-03,23.81,1.42,0.001302707
1952-04,23.74,1.43,0.001419833
1952-05,23.73,1.44,0.001469949
1952-06,24.38,1.45,0.001494808
1952-07,25.08,1.45,0.00158679
1952-08,25.18,1.45,0.001570118
1952-09,24.78,1.45,0.001444728
1952-10,24.26,1.43667,0.001494962
1952-11,25.03,1.42333,0.001661781
1952-12,26.04,1.41,0.001720264
1953-01,26.18,1.41,0.001661781
1953-02,25.86,1.41,0.001778464
1953-03,25.99,1.41,0.001720304
1953-04,24.71,1.41333,0.001903415
1953-05,24.84,1.41667,0.001911695
1953-06,23.95,1.42,0.00169529
1953-07,24.29,1.42,0.001761787
1953-08,24.39,1.42,0.001645032
1953-09,23.27,1.42,0.001294467
1953-10,23.97,1.43,0.001076839
1953-11,24.5,1.44,0.001327779
1953-12,24.83,1.45,0.001177292
1954-01,25.46,1.45667,0.000875602
1954-02,26.02,1.46333,0.000858855
1954-03,26.57,1.47,0.000867276
1954-04,27.63,1.46333,0.000674088
1954-05,28.73,1.45667,0.00059846
1954-06,28.96,1.45,0.000539591
1954-07,30.13,1.45667,0.000665677
1954-08,30.73,1.46333,0.000875562
1954-09,31.45,1.47,0.000833654
1954-10,32.18,1.49333,0.000850453
1954-11,33.44,1.51667,0.000875638
1954-12,34.97,1.54,0.000858855
1955-01,35.6,1.54667,0.000967853
1955-02,36.79,1.55333,0.001152121
1955-03,36.5,1.56,0.001185679
1955-04,37.76,1.56333,0.001344555
1955-05,37.6,1.56667,0.001202465
1955-06,39.78,1.57,0.00124427
1955-07,42.69,1.58667,0.001478247
1955-08,42.43,1.60333,0.001753603
1955-09,44.34,1.62,0.001803474
1955-10,42.11,1.62667,0.001794964
1955-11,44.95,1.63333,0.002036566
1955-12,45.37,1.64,0.002094597
1956-01,44.15,1.67,0.001986713
1956-02,44.43,1.7,0.001928455
1956-03,47.49,1.73,0.001928377
1956-04,48.05,1.75333,0.002243791
1956-05,46.54,1.77667,0.002152835
1956-06,46.27,1.8,0.002019773
1956-07,48.78,1.81333,0.0019618
1956-08,48.49,1.82667,0.002227444
1956-09,46.84,1.84,0.002434773
1956-10,46.24,1.80667,0.00239357
1956-11,45.76,1.77333,0.002542456
1956-12,46.44,1.74,0.002716726
1957-01,45.43,1.73667,0.002617092
1957-02,43.47,1.73333,0.002732987
1957-03,44.03,1.73,0.002492771
1957-04,45.05,1.73,0.002534495
1957-05,46.78,1.73,0.00275754
1957-06,47.55,1.73,0.002716356
1957-07,48.51,1.74,0.00282394
1957-08,45.84,1.75,0.002922879
1957-09,43.98,1.76,0.002881073
1957-10,41.24,1.77,0.003013638
1957-11,40.35,1.78,0.002616967
1957-12,40.33,1.79,0.002310083
1958-01,41.12,1.78333,0.001260961
1958-02,41.26,1.77667,0.001068455
1958-03,42.11,1.77,0.000925926
1958-04,42.34,1.75667,0.00101819
1958-05,43.7,1.74333,0.000489071
1958-06,44.75,1.73,0.000640471
1958-07,45.98,1.73,0.00077492
1958-08,47.7,1.73,0.001961673
1958-09,48.96,1.73,0.002260397
1958-10,50.95,1.73667,0.002152752
1958-11,52.5,1.74333,0.002343604
1958-12,53.49,1.75,0.002244239
1959-01,55.62,1.75667,0.002227444
1959-02,54.77,1.76333,0.002310446
1959-03,56.16,1.77,0.002401907
1959-04,57.1,1.77667,0.002401764
1959-05,57.96,1.78333,0.002550742
1959-06,57.46,1.79,0.002691769
1959-07,59.74,1.79667,0.002509351
1959-08,59.4,1.80333,0.003212006
1959-09,57.05,1.81,0.003417417
1959-10,57,1.81667,0.003343025
1959-11,57.23,1.82333,0.003746438
1959-12,59.06,1.83,0.003647257
1960-01,58.03,1.86667,0.003318319
1960-02,55.78,1.90333,0.003541152
1960-03,55.02,1.94,0.002542591
1960-04,55.73,1.94333,0.002542456
1960-05,55.22,1.94667,0.002650428
1960-06,57.26,1.95,0.00184513
1960-07,55.84,1.95,0.001845097
1960-08,56.51,1.95,0.00197003
1960-09,54.81,1.95,0.001944957
1960-10,53.73,1.95,0.001845323
1960-11,55.47,1.95,0.002011595
1960-12,56.8,1.95,0.001861713
1961-01,59.72,1.94667,0.001945143
1961-02,62.17,1.94333,0.002177874
1961-03,64.12,1.94,0.002019855
1961-04,65.83,1.94,0.001911695
1961-05,66.5,1.94,0.001978327
1961-06,65.62,1.94,0.001895036
1961-07,65.44,1.94667,0.001895288
1961-08,67.79,1.95333,0.001978293
1961-09,67.26,1.96,0.001878377
1961-10,68,1.98,0.001928481
1961-11,71.08,2,0.002136189
1961-12,71.74,2.02,0.002227444
1962-01,69.07,2.02667,0.002285737
1962-02,70.22,2.03333,0.002269138
1962-03,70.29,2.04,0.002302145
1962-04,68.05,2.04667,0.002294202
1962-05,62.99,2.05333,0.002260757
1962-06,55.63,2.06,0.002426503
1962-07,56.97,2.06667,0.002410232
1962-08,58.52,2.07333,0.002351902
1962-09,58,2.08,0.002293843
1962-10,56.17,2.09667,0.002277438
1962-11,60.04,2.11333,0.002393344
1962-12,62.64,2.13,0.002451756
1963-01,65.06,2.13667,0.002451467
1963-02,65.92,2.14333,0.002426707
1963-03,65.67,2.15,0.0024348
1963-04,68.76,2.16667,0.00243508
1963-05,70.14,2.18333,0.002509351
1963-06,70.11,2.2,0.002501063
1963-07,69.07,2.20333,0.002733009
1963-08,70.98,2.20667,0.002832051
1963-09,72.85,2.21,0.002848967
1963-10,73.03,2.23333,0.002906382
1963-11,72.62,2.25667,0.002922745
1963-12,74.17,2.28,0.002947943
1964-01,76.45,2.29667,0.002922745
1964-02,77.39,2.31333,0.003005269
1964-03,78.8,2.33,0.002956181
1964-04,79.94,2.34667,0.002881612
1964-05,80.72,2.36333,0.002898109
1964-06,80.24,2.38,0.002881745
1964-07,83.22,2.4,0.002898264
1964-08,82,2.42,0.002889861
1964-09,83.41,2.44,0.00296429
1964-10,84.85,2.46,0.002964001
1964-11,85.44,2.48,0.003194837
1964-12,83.96,2.5,0.003153657
1965-01,86.12,2.51667,0.003219727
1965-02,86.75,2.53333,0.003319065
1965-03,86.83,2.55,0.003277539
1965-04,87.97,2.57,0.003260722
1965-05,89.28,2.59,0.003227785
1965-06,85.04,2.61,0.003178694
1965-07,84.91,2.62667,0.003178369
1965-08,86.49,2.64333,0.003203247
1965-09,89.38,2.66,0.003351432
1965-10,91.39,2.68,0.003384144
1965-11,92.15,2.7,0.003400585
1965-12,91.73,2.72,0.003737294
1966-01,93.32,2.74,0.003853054
1966-02,92.69,2.76,0.003852552
1966-03,88.88,2.78,0.003762135
1966-04,91.6,2.79667,0.00386845
1966-05,86.78,2.81333,0.003852552
1966-06,86.06,2.83,0.003811331
1966-07,85.84,2.85,0.003966724
1966-08,80.65,2.87,0.004171522
1966-09,77.81,2.89,0.004457634
1966-10,77.13,2.88333,0.004376046
1966-11,80.99,2.87667,0.004286215
1966-12,81.33,2.87,0.004007933
1967-01,84.45,2.88,0.003754406
1967-02,87.36,2.89,0.003795185
1967-03,89.42,2.9,0.003343025
1967-04,90.96,2.9,0.003112463
1967-05,92.59,2.9,0.002890005
1967-06,91.43,2.9,0.003335164
1967-07,93.01,2.90667,0.003499642
1967-08,94.49,2.91333,0.003647283
1967-09,95.81,2.92,0.003655273
1967-10,95.66,2.92,0.003778782
1967-11,92.66,2.92,0.004114291
1967-12,95.3,2.92,0.004187589
1968-01,95.04,2.93,0.004057289
1968-02,90.75,2.94,0.004171814
1968-03,89.09,2.95,0.004286524
1968-04,95.67,2.96333,0.004563651
1968-05,97.87,2.97667,0.004726559
1968-06,100.5,2.99,0.004399879
1968-07,100.3,3.00333,0.004294382
1968-08,98.11,3.01667,0.004302245
1968-09,101.3,3.03,0.004261703
1968-10,103.8,3.04333,0.004547345
1968-11,105.4,3.05667,0.004555152
1968-12,106.5,3.07,0.005173971
1969-01,102,3.08,0.005123972
1969-02,101.5,3.09,0.005214079
1969-03,99.3,3.1,0.004961604
1969-04,101.3,3.11,0.004864889
1969-05,104.6,3.12,0.005035113
1969-06,99.14,3.13,0.00529516
1969-07,94.71,3.13667,0.005820889
1969-08,94.18,3.14333,0.005739599
1969-09,94.51,3.15,0.005837034
1969-10,95.52,3.15333,0.005804744
1969-11,96.21,3.15667,0.006175561
1969-12,91.11,3.16,0.006593485
1970-01,90.31,3.16333,0.006471677
1970-02,87.16,3.16667,0.005684138
1970-03,88.65,3.17,0.005270362
1970-04,85.95,3.17333,0.005764366
1970-05,76.06,3.17667,0.005722901
1970-06,75.59,3.18,0.005287054
1970-07,75.72,3.18333,0.005238407
1970-08,77.92,3.18667,0.005181192
1970-09,82.58,3.19,0.00484049
1970-10,84.37,3.17333,0.004839704
1970-11,84.28,3.15667,0.004171226
1970-12,90.05,3.14,0.004032488
1971-01,93.49,3.13,0.003458138
1971-02,97.11,3.12,0.002840168
1971-03,99.6,3.11,0.002947641
1971-04,103,3.10667,0.003326937
1971-05,101.6,3.10333,0.003614216
1971-06,99.72,3.1,0.004335222
1971-07,99,3.09667,0.004457982
1971-08,97.24,3.09333,0.003696973
1971-09,99.4,3.09,0.003860749
1971-10,97.29,3.08333,0.003589585
1971-11,92.78,3.07667,0.003589794
1971-12,99.17,3.07,0.003120856
1972-01,103.3,3.07,0.002823657
1972-02,105.2,3.07,0.002832178
1972-03,107.7,3.07,0.003219891
1972-04,108.8,3.07,0.003038871
1972-05,107.7,3.07,0.003178694
1972-06,108,3.07,0.003392741
1972-07,107.2,3.07333,0.003228126
1972-08,111,3.07667,0.003786737
1972-09,109.4,3.08,0.00378649
1972-10,109.6,3.10333,0.00395907
1972-11,115.1,3.12667,0.004057038
1972-12,117.5,3.15,0.004269874
1973-01,118.4,3.15667,0.004710274
1973-02,114.2,3.16333,0.004848624
1973-03,112.4,3.17,0.005327555
1973-04,110.3,3.18667,0.005189743
1973-05,107.2,3.20333,0.005715372
1973-06,104.8,3.22,0.006198437
1973-07,105.8,3.23667,0.006842769
1973-08,103.8,3.25333,0.007112346
1973-09,105.6,3.27,0.005763285
1973-10,109.8,3.30667,0.006070883
1973-11,102,3.34333,0.006021323
1973-12,94.78,3.38,0.006152678
1974-01,96.11,3.4,0.006166892
1974-02,93.45,3.42,0.006150782
1974-03,97.44,3.44,0.006808429
1974-04,92.46,3.46,0.007306567
1974-05,89.67,3.48,0.006648177
1974-06,89.79,3.5,0.00605355
1974-07,79.31,3.53,0.006320398
1974-08,76.03,3.56,0.00732875
1974-09,68.12,3.59,0.005401432
1974-10,69.44,3.59333,0.006424187
1974-11,71.74,3.59667,0.006158214
1974-12,67.07,3.6,0.005829514
1975-01,72.56,3.62333,0.004709542
1975-02,80.1,3.64667,0.004481445
1975-03,83.78,3.67,0.00466141
1975-04,84.72,3.68333,0.004563651
1975-05,90.1,3.69667,0.004318284
1975-06,92.4,3.71,0.004995752
1975-07,92.49,3.71,0.00517309
1975-08,85.71,3.71,0.005262266
1975-09,84.67,3.71,0.005441926
1975-10,88.57,3.7,0.004710274
1975-11,90.07,3.69,0.004595558
1975-12,88.7,3.68,0.004318888
1976-01,96.86,3.68333,0.003933993
1976-02,100.6,3.68667,0.004154888
1976-03,101.1,3.69,0.004130925
1976-04,101.9,3.71333,0.004081299
1976-05,101.2,3.73667,0.004554806
1976-06,101.8,3.76,0.004457634
1976-07,104.2,3.79,0.00429379
1976-08,103.3,3.82,0.00426201
1976-09,105.5,3.85,0.00420421
1976-10,101.9,3.91667,0.004064949
1976-11,101.2,3.98333,0.003680538
1976-12,104.7,4.05,0.003614216
1977-01,103.8,4.09667,0.003991825
1977-02,101,4.14333,0.003942687
1977-03,100.6,4.19,0.003778546
1977-04,99.05,4.24667,0.003901227
1977-05,98.76,4.30333,0.004180273
1977-06,99.29,4.36,0.004138826
1977-07,100.2,4.40667,0.004481445
1977-08,97.75,4.45333,0.004612552
1977-09,96.23,4.5,0.004880368
1977-10,93.74,4.55667,0.005101347
1977-11,94.28,4.61333,0.005043662
1977-12,93.82,4.67,0.005075286
1978-01,90.25,4.71333,0.005343289
1978-02,88.98,4.75667,0.005311827
1978-03,88.82,4.8,0.005350923
1978-04,92.71,4.83667,0.005172635
1978-05,97.41,4.87333,0.005497621
1978-06,97.66,4.91,0.005787497
1978-07,97.19,4.94667,0.005700828
1978-08,103.9,4.98333,0.006215176
1978-09,103.9,5.02,0.006568
1978-10,100.6,5.03667,0.007186777
1978-11,94.71,5.05333,0.007392538
1978-12,96.11,5.07,0.007590767
1979-01,99.71,5.11333,0.007616546
1979-02,98.23,5.15667,0.007743884
1979-03,100.1,5.2,0.007733946
1979-04,102.1,5.24667,0.007809516
1979-05,99.73,5.29333,0.007838272
1979-06,101.7,5.34,0.007343808
1979-07,102.7,5.39667,0.007529886
1979-08,107.4,5.45333,0.008027764
1979-09,108.6,5.51,0.008273431
1979-10,104.5,5.55667,0.009850618
1979-11,103.7,5.60333,0.009353619
1979-12,107.8,5.65,0.00975664
1980-01,110.9,5.7,0.009755058
1980-02,115.3,5.75,0.01131767
1980-03,104.7,5.8,0.012114214
1980-04,103,5.84667,0.008489411
1980-05,107.7,5.89333,0.006383351
1980-06,114.6,5.94,0.006562818
1980-07,119.8,5.98333,0.007081224
1980-08,123.5,6.02667,0.008147808
1980-09,126.5,6.07,0.009320139
1980-10,130.2,6.1,0.010308118
1980-11,135.7,6.13,0.01168077
1980-12,133.5,6.16,0.011546267
1981-01,133,6.2,0.011765606
1981-02,128.4,6.24,0.011480025
1981-03,133.2,6.28,0.010118197
1981-04,134.4,6.31667,0.011976018
1981-05,131.7,6.35333,0.012158258
1981-06,132.3,6.39,0.011533034
1981-07,129.1,6.43333,0.011981318
1981-08,129.6,6.47667,0.012537225
1981-09,118.3,6.52,0.011723912
1981-10,119.8,6.55667,0.010339297
1981-11,122.9,6.59333,0.008460152
1981-12,123.8,6.63,0.009032656
1982-01,117.3,6.66,0.010144313
1982-02,114.5,6.69,0.010097474
1982-03,110.8,6.72,0.01069335
1982-04,116.3,6.75,0.009988118
1982-05,116.4,6.78,0.009361478
1982-06,109.7,6.81,0.010350654
1982-07,109.4,6.82333,0.008313024
1982-08,109.7,6.83667,0.00692285
1982-09,122.4,6.85,0.006279535
1982-10,132.7,6.85667,0.006503792
1982-11,138.1,6.86333,0.006810733
1982-12,139.4,6.87,0.006519859
1983-01,144.3,6.88333,0.006675198
1983-02,146.8,6.89667,0.006546768
1983-03,151.9,6.91,0.007097194
1983-04,157.7,6.92,0.006648177
1983-05,164.1,6.93,0.007122865
1983-06,166.4,6.94,0.007217011
1983-07,167,6.96,0.007558921
1983-08,162.4,6.98,0.00759268
1983-09,167.2,7,0.007152279
1983-10,167.7,7.03,0.006987699
1983-11,165.2,7.06,0.007289729
1983-12,164.4,7.09,0.007359746
1984-01,166.4,7.12,0.007298598
1984-02,157.3,7.15,0.007497079
1984-03,157.4,7.18,0.007956357
1984-04,157.6,7.22333,0.007960566
1984-05,156.6,7.26667,0.007981223
1984-06,153.1,7.31,0.008115002
1984-07,151.1,7.33333,0.00849853
1984-08,164.4,7.35667,0.008676596
1984-09,166.1,7.38,0.008336757
1984-10,164.8,7.43,0.007393457
1984-11,166.3,7.48,0.006936483
1984-12,164.5,7.53,0.006466426
1985-01,171.6,7.57333,0.006624853
1985-02,180.9,7.61667,0.00698528
1985-03,179.4,7.66,0.006728326
1985-04,180.6,7.68667,0.006465737
1985-05,184.9,7.71333,0.005892382
1985-06,188.9,7.74,0.005642123
1985-07,192.5,7.77333,0.006006413
1985-08,188.3,7.80667,0.005892943
1985-09,184.1,7.84,0.005846224
1985-10,186.2,7.86,0.005933272
1985-11,197.5,7.88,0.005908499
1985-12,207.3,7.9,0.005821454
1986-01,208.2,7.94,0.005755203
1986-02,219.4,7.98,0.005795551
1986-03,232.3,8.02,0.00525554
1986-04,238,8.04667,0.005051777
1986-05,238.5,8.07333,0.005213177
1986-06,245.3,8.1,0.00496324
1986-07,240.2,8.14333,0.004799433
1986-08,245,8.18667,0.004294087
1986-09,238.3,8.23,0.004319514
1986-10,237.4,8.24667,0.004318284
1986-11,245.1,8.26333,0.004473297
1986-12,248.6,8.28,0.00470213
1987-01,264.5,8.3,0.004644426
1987-02,280.9,8.32,0.004522223
1987-03,292.5,8.34,0.004653633
1987-04,289.3,8.4,0.004587742
1987-05,289.1,8.46,0.004709542
1987-06,301.4,8.52,0.004751347
1987-07,310.1,8.56667,0.005026585
1987-08,329.4,8.61333,0.005117597
1987-09,318.7,8.66,0.005465243
1987-10,280.2,8.71,0.0043754
1987-11,245,8.76,0.004531721
1987-12,241,8.81,0.00470991
1988-01,250.5,8.85667,0.004677001
1988-02,258.1,8.90333,0.004659629
1988-03,265.7,8.95,0.004734327
1988-04,262.6,9.04333,0.004953497
1988-05,256.1,9.13667,0.005400961
1988-06,270.7,9.23,0.005424261
1988-07,269.1,9.30667,0.005739066
1988-08,263.7,9.38333,0.006022532
1988-09,268,9.46,0.005981045
1988-10,277.4,9.55,0.006067823
1988-11,271,9.64,0.00644898
1988-12,276.5,9.75,0.006664226
1989-01,285.4,9.81333,0.006898842
1989-02,294,9.89667,0.007154823
1989-03,292.7,10.01,0.007303922
1989-04,302.3,10.0867,0.00691248
1989-05,313.9,10.1933,0.007074053
1989-06,323.7,10.37,0.006576012
1989-07,331.9,10.4233,0.006421464
1989-08,346.6,10.5467,0.00649647
1989-09,347.3,10.73,0.006511824
1989-10,347.4,10.7967,0.006401452
1989-11,340.2,10.9233,0.006255397
1989-12,348.6,11.06,0.006230623
1990-01,339.97,11.14,0.006376663
1990-02,330.45,11.23,0.006400773
1990-03,338.46,11.32,0.006423512
1990-04,338.18,11.4367,0.006413438
1990-05,350.25,11.5533,0.006384025
1990-06,360.39,11.66,0.006375317
1990-07,360.03,11.7267,0.006176202
1990-08,330.75,11.7833,0.006093817
1990-09,315.41,11.83,0.005892369
1990-10,307.12,11.9267,0.005869313
1990-11,315.29,12.0133,0.005795561
1990-12,328.75,12.09,0.005325219
1991-01,325.49,12.1067,0.005124402
1991-02,362.26,12.1133,0.005002633
1991-03,372.28,12.11,0.004758748
1991-04,379.68,12.13,0.004572146
1991-05,377.99,12.14,0.004587404
1991-06,378.29,12.15,0.004595551
1991-07,380.23,12.1933,0.0045881
1991-08,389.4,12.2367,0.004424686
1991-09,387.2,12.28,0.004243884
1991-10,386.88,12.2533,0.004007926
1991-11,385.92,12.2267,0.003622428
1991-12,388.51,12.2,0.003220067
1992-01,416.08,12.24,0.003203083
1992-02,412.56,12.28,0.003277186
1992-03,407.36,12.32,0.003376487
1992-04,407.41,12.32,0.003087882
1992-05,414.81,12.32,0.003087725
1992-06,408.27,12.32,0.002980952
1992-07,415.05,12.3433,0.002658329
1992-08,417.93,12.3667,0.002641555
1992-09,418.48,12.4,0.002252532
1992-10,412.5,12.3867,0.002476221
1992-11,422.84,12.3833,0.002732383
1992-12,435.64,12.39,0.002575695
1993-01,435.23,12.4133,0.00242651
1993-02,441.7,12.4467,0.002467937
1993-03,450.16,12.48,0.002418415
1993-04,443.08,12.4933,0.002434796
1993-05,445.25,12.5067,0.00255903
1993-06,448.06,12.52,0.002534405
1993-07,447.29,12.52,0.002534193
1993-08,454.13,12.52,0.002517319
1993-09,459.24,12.52,0.002443181
1993-10,463.9,12.54,0.002534193
1993-11,462.89,12.56,0.002625579
1993-12,465.95,12.58,0.002517632
1994-01,472.99,12.6233,0.002475918
1994-02,471.58,12.6667,0.002806742
1994-03,463.81,12.71,0.002906375
1994-04,447.23,12.7533,0.003227789
1994-05,450.9,12.7967,0.003508061
1994-06,454.83,12.84,0.003458342
1994-07,451.4,12.87,0.00355674
1994-08,464.24,12.9,0.003795173
1994-09,466.96,12.92,0.003884841
1994-10,463.81,13.0133,0.004178544
1994-11,461.01,13.0967,0.004612546
1994-12,455.19,13.17,0.004587404
1995-01,465.25,13.18,0.004832734
1995-02,481.92,13.18,0.004775775
1995-03,493.15,13.17,0.004725826
1995-04,507.91,13.2433,0.004717688
1995-05,523.81,13.3067,0.004669567
1995-06,539.35,13.36,0.004514062
1995-07,557.37,13.44,0.004496755
1995-08,559.11,13.51,0.004392048
1995-09,578.77,13.58,0.004350926
1995-10,582.92,13.65,0.004417172
1995-11,595.53,13.72,0.004416528
1995-12,614.57,13.79,0.004122186
1996-01,614.42,13.8933,0.004081846
1996-02,649.54,13.9967,0.004065209
1996-03,647.07,14.1,0.004154888
1996-04,647.17,14.1567,0.004163921
1996-05,661.23,14.2133,0.004187582
1996-06,668.5,14.27,0.004187582
1996-07,644.07,14.4,0.004302557
1996-08,662.68,14.53,0.00427775
1996-09,674.88,14.66,0.004080471
1996-10,701.46,14.74,0.004171523
1996-11,735.67,14.82,0.004154888
1996-12,743.25,14.9,0.004194583
1997-01,766.22,14.9533,0.004179409
1997-02,798.39,15.0067,0.004236607
1997-03,792.16,15.06,0.00430919
1997-04,763.93,15.0933,0.004294389
1997-05,833.09,15.1267,0.004201883
1997-06,876.29,15.16,0.004196925
1997-07,925.29,15.2167,0.004240989
1997-08,927.24,15.2733,0.00422669
1997-09,937.02,15.33,0.004088647
1997-10,951.16,15.3867,0.004212097
1997-11,938.92,15.4433,0.004289697
1997-12,962.37,15.5,0.004329098
1998-01,963.36,15.55,0.004201883
1998-02,1023.74,15.6,0.004303986
1998-03,1076.83,15.64,0.004186407
1998-04,1112.2,15.75,0.004036571
1998-05,1108.42,15.85,0.004066981
1998-06,1108.39,15.95,0.004116892
1998-07,1156.58,16.0167,0.004114009
1998-08,1074.62,16.0833,0.003939612
1998-09,1020.64,16.14,0.003530456
1998-10,1032.47,16.1667,0.003523884
1998-11,1144.43,16.1833,0.003648445
1998-12,1190.05,16.2,0.003624697
1999-01,1248.77,16.28333333,0.003626533
1999-02,1246.58,16.36666667,0.003790599
1999-03,1281.66,16.45,0.003639282
1999-04,1334.76,16.45,0.003690134
1999-05,1332.07,16.45,0.003766003
1999-06,1322.55,16.45,0.003870999
1999-07,1380.99,16.51333333,0.003843875
1999-08,1327.49,16.57666667,0.003992549
1999-09,1318.17,16.64,0.003921954
1999-10,1300.01,16.65666667,0.004116053
1999-11,1391,16.67333333,0.004278354
1999-12,1428.68,16.69,0.004338683
2000-01,1425.59,16.71333333,0.00458229
2000-02,1388.87,16.73666667,0.004657709
2000-03,1442.21,16.76,0.00472786
2000-04,1461.36,16.74,0.004695305
2000-05,1418.48,16.72,0.004539195
2000-06,1461.96,16.7,0.004733964
2000-07,1473,16.58333333,0.005005038
2000-08,1485.46,16.46666667,0.005073679
2000-09,1468.05,16.35,0.004996129
2000-10,1390.14,16.32333333,0.005099936
2000-11,1378.04,16.29666667,0.004996542
2000-12,1330.93,16.27,0.004748204
2001-01,1335.63,16.17,0.004045024
2001-02,1305.75,16.07,0.003942685
2001-03,1185.85,15.97,0.003495045
2001-04,1189.84,15.87666667,0.003167578
2001-05,1270.37,15.78333333,0.002957966
2001-06,1238.71,15.69,0.00297845
2001-07,1204.45,15.70666667,0.002890137
2001-08,1178.5,15.72333333,0.002747218
2001-09,1044.64,15.74,0.001934552
2001-10,1076.59,15.74,0.00167648
2001-11,1129.68,15.74,0.00147824
2001-12,1144.93,15.74,0.00141968
2002-01,1140.21,15.73666667,0.001457399
2002-02,1100.67,15.73333333,0.001455311
2002-03,1153.79,15.73,0.001478276
2002-04,1111.93,15.83333333,0.001451205
2002-05,1079.25,15.93666667,0.001428132
2002-06,1014.02,16.04,0.001398894
2002-07,903.59,15.96,0.001403136
2002-08,912.55,15.88,0.001382214
2002-09,867.81,15.8,0.001279698
2002-10,854.63,15.89,0.001191962
2002-11,909.93,15.98,0.001013976
2002-12,899.18,16.07,0.000993071
2003-01,895.84,16.12,0.000972066
2003-02,837.03,16.17,0.0010035
2003-03,846.63,16.22,0.00091752
2003-04,890.03,16.20333333,0.000925976
2003-05,935.96,16.18666667,0.000925948
2003-06,988,16.17,0.000749743
2003-07,992.54,16.31,0.000783305
2003-08,989.53,16.45,0.000823182
2003-09,1019.44,16.59,0.000781237
2003-10,1038.73,16.85666667,0.000779097
2003-11,1049.9,17.12333333,0.000770701
2003-12,1080.64,17.39,0.000779117
2004-01,1132.52,17.6,0.000758104
2004-02,1143.36,17.81,0.000787493
2004-03,1123.98,18.02,0.000779117
2004-04,1133.36,18.21333333,0.000804284
2004-05,1102.78,18.40666667,0.000892398
2004-06,1132.76,18.6,0.001049625
2004-07,1105.85,18.78666667,0.001189846
2004-08,1088.94,18.97333333,0.001323763
2004-09,1117.66,19.16,0.001409369
2004-10,1117.21,19.25333333,0.001572138
2004-11,1168.94,19.34666667,0.001836928
2004-12,1199.21,19.44,0.001836762
2005-01,1181.41,19.70333333,0.002032062
2005-02,1199.63,19.96666667,0.002258336
2005-03,1194.9,20.23,0.002281491
2005-04,1164.43,20.46333333,0.002380924
2005-05,1178.28,20.69666667,0.002441305
2005-06,1202.25,20.93,0.002544649
2005-07,1222.24,21.11,0.002782343
2005-08,1224.27,21.29,0.002869352
2005-09,1225.92,21.47,0.002902108
2005-10,1191.96,21.72,0.003224357
2005-11,1237.37,21.97,0.003224014
2005-12,1262.07,22.22,0.003326564
2006-01,1278.73,22.40666667,0.003635395
2006-02,1276.65,22.59333333,0.003756451
2006-03,1293.74,22.78,0.003741401
2006-04,1302.17,23,0.003866408
2006-05,1290.01,23.22,0.003930399
2006-06,1253.17,23.44,0.004040393
2006-07,1260.24,23.66,0.004133604
2006-08,1287.15,23.88,0.004079526
2006-09,1317.74,24.1,0.003962641
2006-10,1363.38,24.36,0.004110757
2006-11,1388.64,24.62,0.004077481
2006-12,1416.42,24.88,0.004069026
2007-01,1424.16,25.08333333,0.004135015
2007-02,1444.8,25.28666667,0.004155458
2007-03,1406.95,25.49,0.004077206
2007-04,1463.64,25.71666667,0.003980059
2007-05,1511.14,25.94333333,0.003831825
2007-06,1514.19,26.17,0.003888937
2007-07,1520.71,26.44,0.004000269
2007-08,1454.62,26.71,0.00337181
2007-09,1497.12,26.98,0.00310009
2007-10,1539.66,27.23,0.003191064
2007-11,1463.39,27.48,0.002579724
2007-12,1479.22,27.73,0.002653845
2008-01,1378.76,27.92,0.001599294
2008-02,1354.87,28.11,0.001515808
2008-03,1316.94,28.3,0.001089321
2008-04,1370.47,28.43666667,0.001148038
2008-05,1403.22,28.57333333,0.001557537
2008-06,1341.25,28.71,0.001432207
2008-07,1257.33,28.75666667,0.001382214
2008-08,1281.47,28.80333333,0.001423989
2008-09,1216.95,28.85,0.000560584
2008-10,968.8,28.69666667,0.000366993
2008-11,883.04,28.54333333,2.95682E-05
2008-12,877.56,28.39,9.71267E-05
2009-01,865.58,28.01333333,0.000204722
2009-02,805.23,27.63666667,0.000215265
2009-03,757.13,27.26,0.000173087
2009-04,848.15,26.70333333,0.00010979
2009-05,902.41,26.14666667,0.00011401
2009-06,926.12,25.59,0.00016043
2009-07,935.82,25.02666667,0.00015199
2009-08,1009.73,24.46333333,0.00011823
2009-09,1044.55,23.9,9.71267E-05
2009-10,1067.66,23.40333333,4.22382E-05
2009-11,1088.07,22.90666667,4.64611E-05
2009-12,1110.38,22.41,5.06842E-05
2010-01,1123.58,22.24,6.75742E-05
2010-02,1089.16,22.07,0.000101348
2010-03,1152.05,21.9,0.000130892
2010-04,1197.32,21.94666667,0.000135112
2010-05,1125.06,21.99333333,0.000135112
2010-06,1083.36,22.04,0.000147772
2010-07,1079.8,22.14333333,0.000122451
2010-08,1087.28,22.24666667,0.000101347
2010-09,1122.08,22.35,0.000135112
2010-10,1171.58,22.47666667,0.000101348
2010-11,1198.89,22.60333333,0.000143552
2010-12,1241.53,22.73,0.000105569
2011-01,1282.62,22.96333333,0.000122451
2011-02,1321.12,23.19666667,0.00011823
2011-03,1304.49,23.43,8.44622E-05
2011-04,1331.51,23.73333333,3.8015E-05
2011-05,1338.31,24.03666667,5.06842E-05
2011-06,1287.29,24.34,1.6897E-05
2011-07,1325.19,24.62,8.44621E-05
2011-08,1185.31,24.9,1.2673E-05
2011-09,1173.88,25.18,2.11209E-05
2011-10,1207.22,25.59666667,6.33664E-06
2011-11,1226.42,26.01333333,4.22447E-06
2011-12,1243.32,26.43,1.2673E-05
2012-01,1300.58,26.73666667,5.06842E-05
2012-02,1352.49,27.04333333,6.75744E-05
2012-03,1389.24,27.35,6.33519E-05
2012-04,1386.43,27.67333333,8.024E-05
2012-05,1341.27,27.99666667,5.91295E-05
2012-06,1323.48,28.32,7.17964E-05
2012-07,1359.78,28.74333333,8.44624E-05
2012-08,1403.45,29.16666667,7.60184E-05
2012-09,1443.42,29.59,8.02403E-05
2012-10,1437.82,30.14333333,9.71267E-05
2012-11,1394.51,30.69666667,6.75742E-05
2012-12,1422.29,31.25,4.22381E-05
2013-01,1480.4,31.53666667,6.75743E-05
2013-02,1512.31,31.82333333,9.29053E-05
2013-03,1550.83,32.11,6.75743E-05
2013-04,1570.7,32.49666667,4.64613E-05
2013-05,1639.84,32.88333333,3.37917E-05
2013-06,1618.77,33.27,3.37917E-05
2013-07,1668.68,33.64666667,3.37917E-05
2013-08,1670.09,34.02333333,2.11209E-05
2013-09,1687.17,34.4,1.6897E-05
2013-10,1720.03,34.59666667,3.37917E-05
2013-11,1783.54,34.79333333,5.49069E-05
2013-12,1807.78,34.99,5.91296E-05
2014-01,1822.36,35.40333333,1.6897E-05
2014-02,1817.04,35.81666667,4.64612E-05
2014-03,1863.52,36.23,2.95682E-05
2014-04,1864.26,36.61333333,3.37917E-05
2014-05,1889.77,36.99666667,2.95682E-05
2014-06,1947.09,37.38,2.11209E-05
2014-07,1973.1,37.75,2.11209E-05
2014-08,1961.53,38.12,2.53447E-05
2014-09,1993.23,38.49,1.2673E-05
2014-10,1937.27,38.80666667,1.2673E-05
2014-11,2044.57,39.12333333,1.2673E-05
2014-12,2054.27,39.44,3.80151E-05
2015-01,2028.18,39.89666667,8.44879E-06
2015-02,2082.2,40.35333333,1.2673E-05
2015-03,2079.99,40.81,2.53447E-05
2015-04,2094.86,41.12,8.44879E-06
2015-05,2111.94,41.43,8.44879E-06
2015-06,2099.29,41.74,2.11209E-05
2015-07,2094.14,41.99666667,5.49069E-05
2015-08,2039.87,42.25333333,6.33664E-06
2015-09,1944.41,42.51,8.44879E-06
2015-10,2024.81,42.80333333,6.75742E-05
2015-11,2080.62,43.09666667,0.00014355
2015-12,2054.08,43.39,0.000168867
2016-01,1918.6,43.55333333,0.000265862
2016-02,1904.42,43.71666667,0.000270073
2016-03,2021.95,43.88,0.000168867
2016-04,2075.54,44.07333333,0.000185741
2016-05,2065.55,44.26666667,0.000282726
2016-06,2083.89,44.46,0.0002237
2016-07,2148.9,44.65,0.000219482
2016-08,2170.95,44.84,0.00027851
2016-09,2157.69,45.03,0.000236349
2016-10,2143.02,45.25333333,0.000257427
2016-11,2164.99,45.47666667,0.000404902
2016-12,2246.63,45.7,0.000417528
2017-01,2275.12,45.92666667,0.000434378
2017-02,2329.91,46.15333333,0.000514343
2017-03,2366.82,46.38,0.00062787
2017-04,2359.31,46.66,0.000665694
2017-05,2395.35,46.94,0.000808503
2017-06,2433.99,47.22,0.000846251
2017-07,2454.1,47.53666667,0.000896552
2017-08,2456.22,47.85333333,0.00082528
2017-09,2492.84,48.17,0.000875619
2017-10,2557,48.42333333,0.00095115
2017-11,2593.61,48.67666667,0.001047512
2017-12,2664.34,48.93,0.001147995
2018-01,2789.8,49.28666667,0.001210815
2018-02,2705.16,49.64333333,0.001281167
2018-03,2702.77,50,0.001411458
2018-04,2653.63,50.33,0.00150761
2018-05,2701.49,50.66,0.001570093
2018-06,2754.35,50.99,0.001582567
2018-07,2793.64,51.44,0.001674442
2018-08,2857.82,51.89,0.001732646
2018-09,2901.5,52.34,0.001815945
2018-10,2785.46,52.81,0.001915953
2018-11,2723.23,53.28,0.001940791
2018-12,2567.31,53.75,0.001944764
2019-01,2607.39,54.14666667,0.001951674
2019-02,2754.86,54.54333333,0.001963169
2019-03,2803.98,54.94,0.001974519
2019-04,2903.8,55.31909158,0.001958644
2019-05,2854.71,55.69818316,0.00193414
2019-06,2890.17,56.07727474,0.001785793
2019-07,2996.113636,56.45818316,0.001727224
2019-08,2897.498182,56.83909158,0.001605595
2019-09,2982.156,57.22,0.001560647
2019-10,2977.68,57.56,0.001358127
2019-11,3104.9045,57.9,0.001272371
2019-12,3176.749524,58.24,0.001266745
